"Name","AuthorID"
"Doralyn Ortelt",1
"Velvet Owbridge",2
"Bordie Hatzar",3
"Ede Bisterfeld",4
"Leoline Falck",5
"Herb Whitwell",6
"Dean Sorton",7
"Heidi Habard",8
"Floris Mountain",9
"Vanessa Estcourt",10
"Hollyanne Storry",11
"Jonas Jeram",12
"Flossi Cargen",13
"Caye Peckham",14
"Dalis MacGinlay",15
"Edeline Curthoys",16
"Ruperto Abbie",17
"Ahmed Couthard",18
"Fidelio Perham",19
"Jennee Pirouet",20
"Darnall Doldon",21
"Marybeth Riceards",22
"Billie Ralfe",23
"Correna Bazylets",24
"Guillemette Meekin",25
"Isacco Foister",26
"Pietra Paver",27
"Archambault Wenban",28
"Tabbitha Ketteridge",29
"Hammad Mignot",30
"Florie Minillo",31
"Dewain Glanville",32
"Farlie Ferrandez",33
"Ileane Masding",34
"Aguie Beer",35
"Geneva Burnyeat",36
"Federica Atrill",37
"Tito Jaquemar",38
"Larisa How",39
"Richard Sharpe",40
"Debee Olander",41
"Belva Reyes",42
"Fannie Denkin",43
"Martie Gehrtz",44
"Tami Boards",45
"Doyle Wicher",46
"Joby Grainger",47
"Angelina Craghead",48
"Wolf Chipps",49
"Zared McNally",50
"Wright Bullingham",51
"Dominic Akett",52
"Georgianna Kennifeck",53
"Ellery Silwood",54
"Karyl Stichall",55
"Davidson Rontsch",56
"Aleksandr Kellen",57
"Inigo Glawsop",58
"Di Mouser",59
"Matilde Glasscoo",60
"Bobby Brodhead",61
"Yvon Heningham",62
"Loralyn Geggie",63
"Rube Dinnis",64
"Charmaine Waldocke",65
"Derry Champness",66
"Tonie Wreak",67
"Allen Brandone",68
"Cosme Meddows",69
"Donnie Drysdale",70
"Sarah Crut",71
"Virgie Agius",72
"Rina Cordie",73
"Maiga Danielian",74
"Puff Barde",75
"Bettina Nicol",76
"Lukas Tincey",77
"Flori Andress",78
"Marsiella Coulthard",79
"Melli Guilbert",80
"Joanie Tutchings",81
"Niel Slaughter",82
"Farah Hrinchishin",83
"Nadine Pratt",84
"Dev Castellet",85
"Katrine Lere",86
"Danna Whitty",87
"Tania Arkwright",88
"Ivory Lockhart",89
"Berri Kemmey",90
"Cecilla Bellay",91
"Valentia Norkutt",92
"Thia Willicott",93
"Trevor Oulner",94
"Vittorio Sessions",95
"Gage Relton",96
"Vinnie Pedrazzi",97
"Belvia Savile",98
"Wileen Hofer",99
"Gianni Huckle",100
"Nora Frisch",101
"Shell Backhouse",102
"Lynea Killner",103
"Shelley Stringfellow",104
"Fiona Petrakov",105
"Alma Pleasaunce",106
"Ethyl Toms",107
"Alidia Llewelyn",108
"Jacqueline Gripton",109
"Zarah Ducarne",110
"Iggie Bleyman",111
"Essy Moxley",112
"Nana Youhill",113
"Barclay Hedges",114
"Shaine Keelinge",115
"Nat Denziloe",116
"Sloan Maylin",117
"Brandy Berney",118
"Pollyanna Swin",119
"Bobbye Carlisi",120
"Lucila Goldine",121
"Valentin Larmour",122
"Christabella Jallin",123
"Henryetta Tennock",124
"Briggs Kerins",125
"Hector Winslow",126
"Lindie Habershon",127
"Goran Wyse",128
"Feliks Trustram",129
"Karrie Elsy",130
"Martica Foulks",131
"Sofia Berggren",132
"Westbrooke Hegdonne",133
"Ardelle Kneeland",134
"Whitney Piotr",135
"Davis Geertsen",136
"Agneta Adelberg",137
"Zitella Faunt",138
"Phyllis Cabrera",139
"Alberta Guess",140
"Lorinda Ferry",141
"Tara Fitton",142
"Killian Antoinet",143
"Nicko Bromehed",144
"Bennett Boame",145
"Sophi Cabane",146
"Carleen Dunsford",147
"Rubetta Bristo",148
"Dunstan Baxendale",149
"Monika Dusey",150
"Appolonia Toye",151
"Aleda Hemms",152
"Mauricio Turbard",153
"Monty Maulin",154
"Sibelle Yendle",155
"Ruthann Maffulli",156
"Terrye Keasey",157
"Maxwell Esmead",158
"Rich Barnfield",159
"Bertine Mollnar",160
"Corney Joly",161
"Pen Wyleman",162
"Emelyne Artindale",163
"Anett Berrick",164
"Frank Blanchette",165
"Mil Ironmonger",166
"Ibby Bretherton",167
"Alden Glasbey",168
"Nicki Umney",169
"Shani O'Gaven",170
"Alexei Jeannon",171
"Ingaborg Boustead",172
"Ruperta Bendon",173
"Elisabetta Ugo",174
"Oates Weben",175
"Royal Shipman",176
"Randolf Meardon",177
"Karney Caramuscia",178
"Phylys Catlin",179
"Tommie Dominicacci",180
"Meredeth Van der Brug",181
"Marie-ann Aldwich",182
"Pernell Antley",183
"Abner Faich",184
"Chico Grigorkin",185
"Hanna Treacher",186
"Kit Skinner",187
"Roderick Borzone",188
"Inge Hyland",189
"Ezekiel Kubes",190
"Myer Morrowe",191
"Hedvige Jerdan",192
"Edy Taye",193
"Nixie Devey",194
"Sherline Deners",195
"Dacia Boncore",196
"Putnem MacColgan",197
"Grantham Bengtson",198
"Lorianne Steptoe",199
"Chev Asplin",200
"Pearla Pond-Jones",201
"Amitie Brumpton",202
"Rhonda McDougald",203
"Laurence Dearman",204
"Shoshana Wolfinger",205
"Claudetta Tapscott",206
"Bald Molloy",207
"Birgitta Paver",208
"Ekaterina Rentoll",209
"Yvor Meneo",210
"Adelaida Gronou",211
"Karla Longman",212
"Everett Dunthorn",213
"Anderea Tarbert",214
"Christy Lawerence",215
"Clareta De Giorgi",216
"Elwyn Kenealy",217
"Godfry Puleston",218
"Erastus Philot",219
"Casper Bayne",220
"Gabriele Capron",221
"Roberto Truman",222
"Benedict Covell",223
"Gaspar Beneteau",224
"Bronson Ollier",225
"Christiane O'Nions",226
"Lyon Freathy",227
"Norry Durbann",228
"Andie Cretney",229
"Dalston Danko",230
"Stacy Bernini",231
"Heidie Soppett",232
"Llywellyn Cronchey",233
"Mikol Ditts",234
"Horatius Wearden",235
"Osborne Dunks",236
"Vally Gladwell",237
"Norina Enders",238
"Lynne Veivers",239
"Sebastiano Clail",240
"Kippie Hallaways",241
"Mozelle Attiwill",242
"Alie Robjohns",243
"Zorah Niese",244
"Gauthier Simper",245
"Ryan Dingate",246
"Malina Tarborn",247
"Alix Bradfield",248
"Kara Castelluzzi",249
"Alvy Kerne",250
"Cilka Course",251
"Deloris Lambrechts",252
"Hanna Pritchard",253
"Joshuah Hazleton",254
"Edmund Welchman",255
"Wilhelmine Fairest",256
"Maxi Dyerson",257
"Lucho Jerzycowski",258
"Andra Firby",259
"Valaree Christiensen",260
"Glennie Dearnaley",261
"Pier Shrimpling",262
"Kasper Easom",263
"Vicki Ascrofte",264
"Orrin Bisatt",265
"Tiffie Casillas",266
"Leoine Swainsbury",267
"Willa Blythin",268
"Ekaterina Crystal",269
"Matthias MacMenamy",270
"Arleen Drewes",271
"Romona Cohen",272
"Ronny Leppington",273
"Gianina Marages",274
"Laverna Shepherdson",275
"Gerrie Artois",276
"Egan Vose",277
"Caril Prestner",278
"Babita Giacomazzo",279
"Raynor Spinley",280
"Sid Sleney",281
"Lynett Shippam",282
"Deborah Darlasson",283
"Sayers Dutnall",284
"Cordi Boatwright",285
"Griz Kinworthy",286
"Lark Elbourn",287
"Helaina Boggas",288
"Will Vedeniktov",289
"Dedie Morson",290
"Lavinie Liverock",291
"Ramonda De Bruyn",292
"Boy Bouchard",293
"Gerrie Marcus",294
"Donnie De Filippis",295
"Bernadene Pfeifer",296
"Fionna Bowfin",297
"Gavin Ingleton",298
"Timmi Sier",299
"Sebastiano Husk",300
"Richart Maunder",301
"Shelba Land",302
"Boone Brettoner",303
"Gasparo Wattingham",304
"Kalila Bertolaccini",305
"Jessie Simonich",306
"Tibold Elkin",307
"Harv Ulyat",308
"Leora Tanser",309
"Gerladina Schulter",310
"Mathe Shiels",311
"Reginald Lammers",312
"Minnnie L'Archer",313
"Carmelita Clace",314
"Rabi Kynder",315
"Nady Woolfoot",316
"Frances Allnatt",317
"Thomas Gowanson",318
"Batsheva Chitson",319
"Keely Simmgen",320
"Shepperd Robeson",321
"Natala McCuaig",322
"Mae Bickers",323
"Dru Sollom",324
"Ted Jullian",325
"Nikkie Hellings",326
"Rochester Bazely",327
"Kathlin Southward",328
"Cassy Bootell",329
"Daron Chadbourne",330
"Hyacinth Vedishchev",331
"Sloane Haddinton",332
"Jasun MacIlory",333
"Major Duckers",334
"Andrey Jachimak",335
"Maggi Gervaise",336
"Cordula Hargrove",337
"Woodman Nangle",338
"Darin Melody",339
"Cece Ellwood",340
"Gerty Clewarth",341
"Milicent McCrillis",342
"Gabriel Shawe",343
"Zandra Gotecliffe",344
"Jacinta Witham",345
"Gerik Chazier",346
"Annabal Van der Merwe",347
"Ode Buckner",348
"Valerie Moynihan",349
"Daveen Eastam",350
"Amil Dulinty",351
"Garnet Ghelerdini",352
"Alejandrina Mulkerrins",353
"Fletcher Bradford",354
"Shannan Rimmer",355
"Clarice Morritt",356
"Zackariah Andrini",357
"Conroy Marfield",358
"Reiko Reolfi",359
"Joby Anfrey",360
"Shanta McAuslan",361
"Rita Queyeiro",362
"Curtis Hemphill",363
"Fidole Kirsch",364
"Gage Van der Krui",365
"Kathleen Scapelhorn",366
"Delaney Weale",367
"Tammie Clack",368
"Ambrosio Ambrois",369
"Cobbie Lembrick",370
"Arin Mitkov",371
"Lettie Henriques",372
"Dyana Gauchier",373
"Davon Annable",374
"Dede Comini",375
"Juline Cobello",376
"Granny Louder",377
"Brantley Fishleigh",378
"Shelly Farherty",379
"Creighton Keyworth",380
"Lanny Schruyer",381
"Rosemarie Endean",382
"Edgard McCarle",383
"Muire Huard",384
"Reba Robert",385
"Danya Ucceli",386
"Hedi Lehrmann",387
"Agnes Kave",388
"Neall Canter",389
"Kent Adamovich",390
"Birgitta Silby",391
"Bobbe Patchett",392
"Leticia Jouannot",393
"Danila Redferne",394
"Karmen Wellan",395
"Magdalen Ride",396
"Sam Cownden",397
"Dan Karlolczak",398
"Heidi Whatson",399
"Eddie McLagan",400
"Tomasine Salters",401
"Ailbert Copyn",402
"Ulrike Casella",403
"Boyd Kurton",404
"Jaquenette Eslinger",405
"Jazmin Winsley",406
"Margalit Boichat",407
"Juliane Brandsen",408
"Christina Anton",409
"Cirillo Canto",410
"Karin Fursse",411
"Ekaterina Makinson",412
"Lucina Abadam",413
"Leda Plak",414
"Halsy Andreoletti",415
"Nicholas Gledhall",416
"Gerty Lisett",417
"Giffard Boner",418
"Else Stuckford",419
"Janek Freeman",420
"Denni Ferencz",421
"Anica Seven",422
"Cindelyn Fleury",423
"Martita Kingswold",424
"Hamil Sagrott",425
"Dayna Garmons",426
"Camellia Jakaway",427
"Honey Prew",428
"Lyndy Luca",429
"Clementina Downing",430
"Faye Kristof",431
"Ad Emmison",432
"Damiano Springle",433
"Derek Giovannini",434
"Dillie Kemetz",435
"Hogan Ethelston",436
"Emmanuel Gherarducci",437
"Doralyn Quye",438
"Jelene Middleweek",439
"Marybelle Letchmore",440
"Giraud De Carlo",441
"Erma Carlo",442
"Margy Vasiliu",443
"Jedd Brunnstein",444
"Carlo Winfred",445
"Emmye Kittiman",446
"Clive Liveing",447
"Ahmed Parnaby",448
"Balduin Wheeler",449
"Elton Avieson",450
"Ellswerth Giacomasso",451
"Hugues Lothean",452
"Hatti Trustram",453
"Winni Langdon",454
"Carlen Shadfourth",455
"Nevil Damp",456
"Lynne Hubbard",457
"Woody Sheriff",458
"Olivia Bloodworthe",459
"Bobby Ciccerale",460
"Josefa Bettesworth",461
"Graehme Haynes",462
"Darn Ault",463
"Stephen Gallehawk",464
"Estel Whinray",465
"Ewell Covil",466
"Adriano Chalder",467
"Em Speed",468
"Teri Vallance",469
"Barby Crocombe",470
"Samara McLeod",471
"Lenci Buddles",472
"Flossie Swetland",473
"Charyl Piers",474
"Chrysler Garaghan",475
"Roxane Epperson",476
"Nara Daskiewicz",477
"Edithe Shearer",478
"Farleigh Benford",479
"Evvy Elfe",480
"Hanan Jantet",481
"Grace Gaddas",482
"Ripley Hurrell",483
"Magnum Johnsson",484
"Temp Rockell",485
"Estella Korneichuk",486
"Bevvy Raycroft",487
"Sherm Scrinage",488
"Egbert Pritchitt",489
"Imojean Ahrens",490
"Ruperto Reynolds",491
"Nicolis Ferrolli",492
"Ernesta Kilby",493
"Clareta Ridley",494
"Brant Potteril",495
"Xerxes Franzotto",496
"Konstanze Hehnke",497
"Witty Dur",498
"Darrin Soltan",499
"Devland Booeln",500
"Joela Blaschke",501
"Iormina Rouf",502
"Zonnya Chantler",503
"Adoree Faulder",504
"Cristian Elner",505
"Mariquilla Jelkes",506
"Corabel Gierhard",507
"Lavena Hadwen",508
"Reginald Aslet",509
"Titus Eagland",510
"Pen Castledine",511
"Oralia McSporon",512
"Pip Crosscombe",513
"Malinde Malicki",514
"Carmel Ervine",515
"Courtenay Moorhouse",516
"Cassondra Brader",517
"Bridget Rundle",518
"Corabella Watson-Brown",519
"Hastings Sonley",520
"Lucilia Haccleton",521
"Sibley Glencrosche",522
"Trix Woodward",523
"Gloriana Rockall",524
"Neely Groom",525
"Clemmie Rutty",526
"Easter Croisier",527
"Hadlee Colbron",528
"Carolan Yashaev",529
"Simon Ablett",530
"Georgianna Roux",531
"Mathilde Pottberry",532
"Nola Moyles",533
"Agnella Rubberts",534
"Renie Crose",535
"Robin Ritchard",536
"Gibb Jude",537
"Chaddie Beaten",538
"Bard Golsby",539
"Lexi Twigger",540
"Rubetta Lanmeid",541
"Othello Giacopini",542
"Darlleen Smither",543
"Fawne Scogings",544
"Steven Pollock",545
"Ellene Acomb",546
"Aldous Skaife d'Ingerthorpe",547
"Petronella Hoogendorp",548
"Briney Brosetti",549
"Valida Sarll",550
"Rahel Topham",551
"Brigit O'Driscoll",552
"Beret Southworth",553
"Cindie Dallicott",554
"Ivory Maxwale",555
"Velvet Gannicleff",556
"Rosmunda Frostdick",557
"Kingsly Broschke",558
"Amalita Clemenza",559
"Bertram Golsworthy",560
"Leland Isselee",561
"Wallis Bogace",562
"Shelby Everton",563
"Aubrey De Hoogh",564
"Ferdinanda Wearing",565
"Alick Bertouloume",566
"Mendel Kivlin",567
"Nichols Andryunin",568
"Oralee Mealham",569
"Morly Campos",570
"Darcy Osgorby",571
"Cesar Tight",572
"Darda Fulks",573
"Butch Blumsom",574
"Aundrea Bloxam",575
"Kari Aspinell",576
"Claudia Kennea",577
"Ronnie Maughan",578
"Igor Coult",579
"Kinna Spohrmann",580
"Laural Gapper",581
"Carmita Garner",582
"Nance Swift",583
"Roobbie Wareing",584
"Sacha Ettery",585
"Taryn Petrowsky",586
"Keslie Baudouin",587
"Leandra Schorah",588
"Eugenie Stone",589
"Alli Noddles",590
"Lonni Coldicott",591
"Jedediah Yurchenko",592
"Fidela Cockshott",593
"Merna Herrema",594
"Glen Willcocks",595
"Veronique Ivannikov",596
"Vernor Fraanchyonok",597
"Gabriele Lundberg",598
"Dorree Ruf",599
"Isabella Molden",600
"Batholomew Leopard",601
"Worth Creamer",602
"Paddy Galpen",603
"Klement Estable",604
"Lazaro Amoore",605
"Marla Klemencic",606
"Jolene Jostan",607
"Tim Kenryd",608
"Dani Petters",609
"Garald Di Giacomettino",610
"Hubert Seal",611
"Cody Whebell",612
"Parker Croyser",613
"Artur Gourlie",614
"Bartie O'Lyhane",615
"Ethelin Grundwater",616
"Tome Yakov",617
"Gayel Beldan",618
"Etan Carnock",619
"Symon Lawrance",620
"Boycie Jolliff",621
"Lauren Wohler",622
"Delia Floyed",623
"Louella Mattussevich",624
"Batsheva Slixby",625
"Meridel Bovis",626
"Zackariah Badam",627
"Amalita Kirtley",628
"Cherri Shoutt",629
"Aveline Curry",630
"Port Varah",631
"Glennis Pitney",632
"Celinda Gaunson",633
"Guss Gook",634
"Ingaberg Beldan",635
"Buck Rosgen",636
"Agretha Whipple",637
"Gwyn Wyd",638
"Giacobo Vane",639
"Corliss Crocket",640
"Anderson Trett",641
"Huntlee Stapele",642
"Isiahi Sign",643
"Waring Skelhorne",644
"Artemus Gerretsen",645
"Allayne Dowsett",646
"Meg Dicks",647
"Addison Bucksey",648
"Kathy Hearnden",649
"Werner Glisenan",650
"Sabine Cavilla",651
"Roddy Dorre",652
"Tildi Chandlar",653
"Pauli Gaitskell",654
"Domingo McCrillis",655
"Valry Cashford",656
"Vaughan Feldbau",657
"Karlene Bredes",658
"Parnell Ferentz",659
"Geoff Featherstonhalgh",660
"Sebastiano Gawthrop",661
"Desmund Mattke",662
"Norrie Malby",663
"Chelsie Melburg",664
"Gwendolin Bohling",665
"Carley Luna",666
"Sibel Divell",667
"Janis McAndrew",668
"Kane Posselow",669
"Patrizia Mallam",670
"Giorgia Strewthers",671
"Juieta Peggram",672
"Anetta Kristoffersson",673
"Oran Mouse",674
"Buck Roth",675
"Joni Spurden",676
"Arte Woosnam",677
"Lyndell Rhelton",678
"Garwood Fattore",679
"Kenyon O'Garmen",680
"Alfonso Melpuss",681
"Kipper Loynes",682
"Dredi Gimblett",683
"Samuele Goforth",684
"Wyatt Sheber",685
"Sollie Dennes",686
"Freda Jedrzej",687
"Chloris Chessun",688
"Jarrod Charters",689
"Almeria Boldry",690
"Lynnell Lodeke",691
"Gretna Sharman",692
"Mirabella Trevithick",693
"Skelly Seleway",694
"Crin Caris",695
"Liliane Gutcher",696
"Myrna Cardoo",697
"Alfonso MacLaughlin",698
"Ashlee Girard",699
"Pace Van Velden",700
"Carmelia Dickie",701
"Elly Yeowell",702
"Gabriella Cluet",703
"Alexio Pendered",704
"Aubert Brouncker",705
"Mirabella Mechi",706
"Davida Cooley",707
"Barth Handslip",708
"Alyssa Buffham",709
"Christye Haw",710
"Chaim Templeton",711
"Conny Scamp",712
"Dickie Rosenblatt",713
"Farrah Kiloh",714
"Debra FitzAlan",715
"Tallia Cooney",716
"Gunner Brundill",717
"Haywood Hadwen",718
"Burty Turford",719
"Zondra McCroary",720
"Myrle Dyos",721
"Arlina Pikesley",722
"Coop Longrigg",723
"Chrissie Vuitte",724
"Yoshiko Fantonetti",725
"Elene Fendt",726
"Ange Stidston",727
"Berke Luto",728
"Vasily Taill",729
"Biron Jellico",730
"Marcel Meeny",731
"Moina Stanton",732
"Christoph Molden",733
"Edvard Stoltz",734
"Silvain Vasse",735
"Leah Crawcour",736
"Tarrah Westcarr",737
"Baudoin Sollime",738
"Shelby Leethem",739
"Melody Scud",740
"Karyl Impson",741
"Misha Slyme",742
"Elwood Cowlam",743
"Freeman Hammell",744
"Trevar Audsley",745
"Rafaellle Veryan",746
"Flor Hawthorn",747
"Analiese Pawle",748
"Sada Lamcken",749
"Corrinne Bidnall",750
"Karyn Fardoe",751
"Donaugh Penbarthy",752
"Roseann MacFadzan",753
"Charmian Smithen",754
"Agustin Sorrel",755
"Ermentrude Plumbley",756
"Lorene Pantry",757
"Melloney Philpott",758
"Dieter Spong",759
"Dawn Brisley",760
"Vinny Raraty",761
"Catrina Claige",762
"Woodie Durnan",763
"Denni Brawson",764
"Thomasina Ponsford",765
"Durward Huntingdon",766
"Millisent Weare",767
"Desmond Aspall",768
"Burty Gillean",769
"Faina Iacovides",770
"Griffin Staples",771
"Read Mousby",772
"Arny Naden",773
"Peyter Hadingham",774
"Ashlan Hannah",775
"Ketty Ewles",776
"Tallulah Jedrzejewicz",777
"Emili Askew",778
"Tamar Huebner",779
"Obie Neissen",780
"Granville Rogan",781
"Carlee Castelyn",782
"Gillan Boldt",783
"Elinore Dimmer",784
"Olvan Moyse",785
"Onofredo Slack",786
"Sven Tunniclisse",787
"Christyna Itzkovsky",788
"Amara Seabert",789
"Margaux Eva",790
"Jean Martinon",791
"Ricky Szymczyk",792
"Edith Christofor",793
"Belva Bidwell",794
"Pamella Kittles",795
"Jervis McGall",796
"Marcos Southers",797
"Bessy Romanin",798
"Nick Sweedland",799
"Nike Lindsey",800
"Lola Orrom",801
"Mason Happs",802
"Nerissa McDuffy",803
"Quent Mirando",804
"Ronnie Toal",805
"Franklin Blaylock",806
"Chancey Kilmurray",807
"Dina Caddell",808
"Opaline Ishak",809
"Arne Island",810
"Ciel Le Lievre",811
"Frannie Dallyn",812
"Karia Whyke",813
"Shannan Lavrick",814
"Carilyn Delort",815
"Katerina Surgison",816
"Valeda Rothschild",817
"Abbot Broseman",818
"Stormi Ebbers",819
"Eloise Thomason",820
"Eddie Rudram",821
"Jamie Buscombe",822
"Jeromy Timmins",823
"Keeley Giacomazzo",824
"Celene Dummer",825
"Silvain Carman",826
"Jonathon Caplis",827
"Cornall Decort",828
"Simon Becom",829
"June Ralestone",830
"Bradney covino",831
"Melloney Maine",832
"Gerri Gley",833
"Hermann Sloat",834
"Karlens Espada",835
"Salaidh McCreagh",836
"Maurizia Sloey",837
"Franklyn Izatt",838
"Donica Orrow",839
"Fina Frood",840
"Jackqueline Erskin",841
"Vail Martindale",842
"Lana Tidy",843
"Terrie Fullilove",844
"Mahalia Minnock",845
"Pippo Thunderchief",846
"Farah Corkish",847
"Ruth Krug",848
"Wolf Mart",849
"Shellie Soldan",850
"Sheppard Edie",851
"Randolph Menichillo",852
"Gerianna Mushet",853
"Hamlin Habben",854
"Ursulina Bowhey",855
"Eduard Hawkin",856
"Kalvin Mowday",857
"Andreas Lindgren",858
"Gigi Boord",859
"Web Trowell",860
"Jaquith Izchaki",861
"Ede Shasnan",862
"Toinette Wykey",863
"Dionne Barszczewski",864
"Elicia Fonzone",865
"Thaddus Husher",866
"Aura Lipmann",867
"Vida Ivanisov",868
"Gan Rush",869
"Sela Jaquest",870
"Batsheva Sherbrook",871
"Melvyn Pridgeon",872
"Joshia Gontier",873
"Nicholas Rowter",874
"Valaree Dizlie",875
"Fifine Oganian",876
"Portia Gerant",877
"Cara Goodby",878
"Lorant Stokell",879
"Shaun Matton",880
"Fiona Keeler",881
"Yvonne Hayto",882
"Agatha Tipens",883
"Haley Ketchaside",884
"Yalonda Stapylton",885
"Toinette Quainton",886
"Scot Merington",887
"Saunderson Jerrams",888
"Maddalena Henmarsh",889
"Flss De Ath",890
"Emiline Hooks",891
"Ewell McElroy",892
"Cristiano Gehringer",893
"Rozalin Bedow",894
"Bradly Auld",895
"Anjanette Iskowicz",896
"Angelika Barbey",897
"Riccardo Lindenman",898
"Theo Jacobssen",899
"Jaquelin Braiden",900
"Grange Stoggles",901
"Lacie Spowage",902
"Haskell Jubb",903
"Olenka Crowcher",904
"Austina Vaun",905
"Garvy Burgane",906
"Gussy Bartomieu",907
"Jule Astall",908
"Pinchas MacKintosh",909
"Lilla Oxtiby",910
"Rock Quail",911
"Garrek Swatman",912
"Billy Harlowe",913
"Chase Hubner",914
"Leanna Sheekey",915
"Natalya Emney",916
"Lorrayne Donnett",917
"Andrei Crease",918
"Franny Stile",919
"Bran Gorst",920
"Ferguson Tassell",921
"Caron Renol",922
"Berky Kulver",923
"Lenette Wiffield",924
"Karmen Eltringham",925
"Chickie Learoyd",926
"Sibbie Giannassi",927
"Phil Hoult",928
"Leena Hitschke",929
"Donn Wimpenny",930
"Avivah Paz",931
"Burl Fidgett",932
"Harland Harby",933
"Marris Astbury",934
"Horatia Grahlmans",935
"Leonie Cardwell",936
"Lark Reuble",937
"Rolland Cisec",938
"Marris Corbett",939
"Brnaba Gobolos",940
"Madelina Dummer",941
"Dorthea Twelftree",942
"Cello Harry",943
"Rennie Howle",944
"Terese Issacoff",945
"Federica Zylbermann",946
"Alyssa Landsbury",947
"Antonio Beeres",948
"Harmony Stredwick",949
"Gertrud Gallafant",950
"Karlan Olyunin",951
"Terry Goldster",952
"Scot Healeas",953
"Gonzales Bonus",954
"Steffen Adaway",955
"Bliss Garm",956
"Tomlin Abdy",957
"Gui Ivanets",958
"Reggie Spelsbury",959
"Doro Hlavac",960
"Lutero Sextone",961
"Brandy Blackshaw",962
"Roanne Kordt",963
"Darbee Roos",964
"Mic Spoward",965
"Sapphire Norrey",966
"Meredithe Bellchamber",967
"Yoshiko Breckwell",968
"Arny Le Jean",969
"Nina Fathers",970
"Jobi Porte",971
"Lauri Fackrell",972
"Ferdinand Harburtson",973
"Mahmoud Enston",974
"Barry Peschmann",975
"Jacky Bote",976
"Garv Dranfield",977
"Chiquita Allanson",978
"Graeme O'Gaven",979
"Jarvis Matusson",980
"Irita Brimson",981
"Celina Bilton",982
"Dusty Remnant",983
"Ellynn Vigietti",984
"Rachel Mendez",985
"Wainwright Shallow",986
"Shelli Marks",987
"Kaspar Cassey",988
"Marybelle Peckham",989
"Jacinthe Alder",990
"Conchita Knox",991
"Eleni Pirdy",992
"Chrissie Counihan",993
"Bobette Kerswill",994
"Missy Rambadt",995
"Brooke Haster",996
"Haydon Veal",997
"Wyndham Ramirez",998
"Aviva Fuller",999
"Lance Ratazzi",1000
"John Smith",1001
"Maxwell Smart",1002
"Bruce Wayne",1003
"Ash Ketchum",1004
"Peter Parker",1005
